{
  "project_info": {
    "project_number": "95804277287",
    "firebase_url": "https://mychatapp-336c2.firebaseio.com",
    "project_id": "mychatapp-336c2",
    "storage_bucket": "mychatapp-336c2.appspot.com"
  },
  "client": [
    {
      "client_info": {
        "mobilesdk_app_id": "1:95804277287:android:8ac04e35ebe909d010c402",
        "android_client_info": {
          "package_name": "com.example.mychatapp"
        }
      },
      "oauth_client": [
        {
          "client_id": "95804277287-t7t194cbimu3bb04kidrtclumqte00lb.apps.googleusercontent.com",
          "client_type": 1,
          "android_info": {
            "package_name": "com.example.mychatapp",
            "certificate_hash": "e72a249dd2e5283aaa5e4a81e513b3c5a638c8c2"
          }
        },
        {
          "client_id": "95804277287-7pn5lkticuu016ocfq5vsugiirslargj.apps.googleusercontent.com",
          "client_type": 3
        }
      ],
      "api_key": [
        {
          "current_key": "AIzaSyCoHMUbA3qGTfTOWmLowQfGDGGnuGCR41o"
        }
      ],
      "services": {
        "appinvite_service": {
          "other_platform_oauth_client": [
            {
              "client_id": "95804277287-7pn5lkticuu016ocfq5vsugiirslargj.apps.googleusercontent.com",
              "client_type": 3
            }
          ]
        }
      }
    }
  ],
  "configuration_version": "1"
}